USE lesson05;

INSERT INTO films (id, name, duration) VALUES (1, 'Высоцкий', '02:00:00');
INSERT INTO films (id, name, duration) VALUES (2, 'Движение вверх', '01:30:00');
INSERT INTO films (id, name, duration) VALUES (3, 'Чебурашка', '02:00:00');
INSERT INTO films (id, name, duration) VALUES (4, 'Легенда номер 17', '02:00:00');

INSERT INTO sessions (id, film_id, start_film, ticket_price) VALUES (1, 3, '2023-01-01 09:00:00', 250);
INSERT INTO sessions (id, film_id, start_film, ticket_price) VALUES (2, 2, '2023-01-01 11:20:00', 300);
INSERT INTO sessions (id, film_id, start_film, ticket_price) VALUES (3, 4, '2023-01-01 13:40:00', 400);
INSERT INTO sessions (id, film_id, start_film, ticket_price) VALUES (4, 3, '2023-01-01 16:00:00', 500);
INSERT INTO sessions (id, film_id, start_film, ticket_price) VALUES (5, 4, '2023-01-01 18:20:00', 500);
INSERT INTO sessions (id, film_id, start_film, ticket_price) VALUES (6, 1, '2023-01-01 20:40:00', 750);
INSERT INTO sessions (id, film_id, start_film, ticket_price) VALUES (7, 2, '2023-01-01 22:10:00', 500);

INSERT INTO tickets (id, session_id) VALUES (1, 1);
INSERT INTO tickets (id, session_id) VALUES (2, 1);
INSERT INTO tickets (id, session_id) VALUES (3, 1);
INSERT INTO tickets (id, session_id) VALUES (4, 1);
INSERT INTO tickets (id, session_id) VALUES (5, 1);
INSERT INTO tickets (id, session_id) VALUES (6, 1);
INSERT INTO tickets (id, session_id) VALUES (7, 1);
INSERT INTO tickets (id, session_id) VALUES (8, 1);
INSERT INTO tickets (id, session_id) VALUES (9, 1);
INSERT INTO tickets (id, session_id) VALUES (10, 1);
INSERT INTO tickets (id, session_id) VALUES (11, 1);
INSERT INTO tickets (id, session_id) VALUES (12, 1);
INSERT INTO tickets (id, session_id) VALUES (13, 1);
INSERT INTO tickets (id, session_id) VALUES (14, 1);
INSERT INTO tickets (id, session_id) VALUES (15, 1);
INSERT INTO tickets (id, session_id) VALUES (16, 1);
INSERT INTO tickets (id, session_id) VALUES (17, 1);
INSERT INTO tickets (id, session_id) VALUES (18, 1);
INSERT INTO tickets (id, session_id) VALUES (19, 1);
INSERT INTO tickets (id, session_id) VALUES (20, 1);
INSERT INTO tickets (id, session_id) VALUES (21, 1);
INSERT INTO tickets (id, session_id) VALUES (22, 1);
INSERT INTO tickets (id, session_id) VALUES (23, 1);
INSERT INTO tickets (id, session_id) VALUES (24, 1);
INSERT INTO tickets (id, session_id) VALUES (25, 1);
INSERT INTO tickets (id, session_id) VALUES (26, 2);
INSERT INTO tickets (id, session_id) VALUES (27, 2);
INSERT INTO tickets (id, session_id) VALUES (28, 2);
INSERT INTO tickets (id, session_id) VALUES (29, 2);
INSERT INTO tickets (id, session_id) VALUES (30, 2);
INSERT INTO tickets (id, session_id) VALUES (31, 2);
INSERT INTO tickets (id, session_id) VALUES (32, 2);
INSERT INTO tickets (id, session_id) VALUES (33, 2);
INSERT INTO tickets (id, session_id) VALUES (34, 2);
INSERT INTO tickets (id, session_id) VALUES (35, 2);
INSERT INTO tickets (id, session_id) VALUES (36, 2);
INSERT INTO tickets (id, session_id) VALUES (37, 2);
INSERT INTO tickets (id, session_id) VALUES (38, 2);
INSERT INTO tickets (id, session_id) VALUES (39, 2);
INSERT INTO tickets (id, session_id) VALUES (40, 2);
INSERT INTO tickets (id, session_id) VALUES (41, 2);
INSERT INTO tickets (id, session_id) VALUES (42, 2);
INSERT INTO tickets (id, session_id) VALUES (43, 2);
INSERT INTO tickets (id, session_id) VALUES (44, 2);
INSERT INTO tickets (id, session_id) VALUES (45, 2);
INSERT INTO tickets (id, session_id) VALUES (46, 2);
INSERT INTO tickets (id, session_id) VALUES (47, 2);
INSERT INTO tickets (id, session_id) VALUES (48, 2);
INSERT INTO tickets (id, session_id) VALUES (49, 2);
INSERT INTO tickets (id, session_id) VALUES (50, 2);
INSERT INTO tickets (id, session_id) VALUES (51, 2);
INSERT INTO tickets (id, session_id) VALUES (52, 2);
INSERT INTO tickets (id, session_id) VALUES (53, 2);
INSERT INTO tickets (id, session_id) VALUES (54, 2);
INSERT INTO tickets (id, session_id) VALUES (55, 2);
INSERT INTO tickets (id, session_id) VALUES (56, 3);
INSERT INTO tickets (id, session_id) VALUES (57, 3);
INSERT INTO tickets (id, session_id) VALUES (58, 3);
INSERT INTO tickets (id, session_id) VALUES (59, 3);
INSERT INTO tickets (id, session_id) VALUES (60, 3);
INSERT INTO tickets (id, session_id) VALUES (61, 3);
INSERT INTO tickets (id, session_id) VALUES (62, 3);
INSERT INTO tickets (id, session_id) VALUES (63, 3);
INSERT INTO tickets (id, session_id) VALUES (64, 3);
INSERT INTO tickets (id, session_id) VALUES (65, 3);
INSERT INTO tickets (id, session_id) VALUES (66, 3);
INSERT INTO tickets (id, session_id) VALUES (67, 3);
INSERT INTO tickets (id, session_id) VALUES (68, 3);
INSERT INTO tickets (id, session_id) VALUES (69, 3);
INSERT INTO tickets (id, session_id) VALUES (70, 3);
INSERT INTO tickets (id, session_id) VALUES (71, 3);
INSERT INTO tickets (id, session_id) VALUES (72, 3);
INSERT INTO tickets (id, session_id) VALUES (73, 3);
INSERT INTO tickets (id, session_id) VALUES (74, 3);
INSERT INTO tickets (id, session_id) VALUES (75, 3);
INSERT INTO tickets (id, session_id) VALUES (76, 3);
INSERT INTO tickets (id, session_id) VALUES (77, 3);
INSERT INTO tickets (id, session_id) VALUES (78, 3);
INSERT INTO tickets (id, session_id) VALUES (79, 3);
INSERT INTO tickets (id, session_id) VALUES (80, 3);
INSERT INTO tickets (id, session_id) VALUES (81, 3);
INSERT INTO tickets (id, session_id) VALUES (82, 3);
INSERT INTO tickets (id, session_id) VALUES (83, 3);
INSERT INTO tickets (id, session_id) VALUES (84, 3);
INSERT INTO tickets (id, session_id) VALUES (85, 3);
INSERT INTO tickets (id, session_id) VALUES (86, 3);
INSERT INTO tickets (id, session_id) VALUES (87, 3);
INSERT INTO tickets (id, session_id) VALUES (88, 3);
INSERT INTO tickets (id, session_id) VALUES (89, 3);
INSERT INTO tickets (id, session_id) VALUES (90, 3);
INSERT INTO tickets (id, session_id) VALUES (91, 3);
INSERT INTO tickets (id, session_id) VALUES (92, 3);
INSERT INTO tickets (id, session_id) VALUES (93, 3);
INSERT INTO tickets (id, session_id) VALUES (94, 3);
INSERT INTO tickets (id, session_id) VALUES (95, 3);
INSERT INTO tickets (id, session_id) VALUES (96, 4);
INSERT INTO tickets (id, session_id) VALUES (97, 4);
INSERT INTO tickets (id, session_id) VALUES (98, 4);
INSERT INTO tickets (id, session_id) VALUES (99, 4);
INSERT INTO tickets (id, session_id) VALUES (100, 4);
INSERT INTO tickets (id, session_id) VALUES (101, 4);
INSERT INTO tickets (id, session_id) VALUES (102, 4);
INSERT INTO tickets (id, session_id) VALUES (103, 4);
INSERT INTO tickets (id, session_id) VALUES (104, 4);
INSERT INTO tickets (id, session_id) VALUES (105, 4);
INSERT INTO tickets (id, session_id) VALUES (106, 4);
INSERT INTO tickets (id, session_id) VALUES (107, 4);
INSERT INTO tickets (id, session_id) VALUES (108, 4);
INSERT INTO tickets (id, session_id) VALUES (109, 4);
INSERT INTO tickets (id, session_id) VALUES (110, 4);
INSERT INTO tickets (id, session_id) VALUES (111, 4);
INSERT INTO tickets (id, session_id) VALUES (112, 4);
INSERT INTO tickets (id, session_id) VALUES (113, 4);
INSERT INTO tickets (id, session_id) VALUES (114, 4);
INSERT INTO tickets (id, session_id) VALUES (115, 4);
INSERT INTO tickets (id, session_id) VALUES (116, 4);
INSERT INTO tickets (id, session_id) VALUES (117, 4);
INSERT INTO tickets (id, session_id) VALUES (118, 4);
INSERT INTO tickets (id, session_id) VALUES (119, 4);
INSERT INTO tickets (id, session_id) VALUES (120, 4);
INSERT INTO tickets (id, session_id) VALUES (121, 4);
INSERT INTO tickets (id, session_id) VALUES (122, 4);
INSERT INTO tickets (id, session_id) VALUES (123, 4);
INSERT INTO tickets (id, session_id) VALUES (124, 4);
INSERT INTO tickets (id, session_id) VALUES (125, 4);
INSERT INTO tickets (id, session_id) VALUES (126, 4);
INSERT INTO tickets (id, session_id) VALUES (127, 4);
INSERT INTO tickets (id, session_id) VALUES (128, 4);
INSERT INTO tickets (id, session_id) VALUES (129, 4);
INSERT INTO tickets (id, session_id) VALUES (130, 4);
INSERT INTO tickets (id, session_id) VALUES (131, 4);
INSERT INTO tickets (id, session_id) VALUES (132, 4);
INSERT INTO tickets (id, session_id) VALUES (133, 4);
INSERT INTO tickets (id, session_id) VALUES (134, 4);
INSERT INTO tickets (id, session_id) VALUES (135, 4);
INSERT INTO tickets (id, session_id) VALUES (136, 4);
INSERT INTO tickets (id, session_id) VALUES (137, 4);
INSERT INTO tickets (id, session_id) VALUES (138, 4);
INSERT INTO tickets (id, session_id) VALUES (139, 4);
INSERT INTO tickets (id, session_id) VALUES (140, 4);
INSERT INTO tickets (id, session_id) VALUES (141, 5);
INSERT INTO tickets (id, session_id) VALUES (142, 5);
INSERT INTO tickets (id, session_id) VALUES (143, 5);
INSERT INTO tickets (id, session_id) VALUES (144, 5);
INSERT INTO tickets (id, session_id) VALUES (145, 5);
INSERT INTO tickets (id, session_id) VALUES (146, 5);
INSERT INTO tickets (id, session_id) VALUES (147, 5);
INSERT INTO tickets (id, session_id) VALUES (148, 5);
INSERT INTO tickets (id, session_id) VALUES (149, 5);
INSERT INTO tickets (id, session_id) VALUES (150, 5);
INSERT INTO tickets (id, session_id) VALUES (151, 5);
INSERT INTO tickets (id, session_id) VALUES (152, 5);
INSERT INTO tickets (id, session_id) VALUES (153, 5);
INSERT INTO tickets (id, session_id) VALUES (154, 5);
INSERT INTO tickets (id, session_id) VALUES (155, 5);
INSERT INTO tickets (id, session_id) VALUES (156, 5);
INSERT INTO tickets (id, session_id) VALUES (157, 5);
INSERT INTO tickets (id, session_id) VALUES (158, 5);
INSERT INTO tickets (id, session_id) VALUES (159, 5);
INSERT INTO tickets (id, session_id) VALUES (160, 5);
INSERT INTO tickets (id, session_id) VALUES (161, 5);
INSERT INTO tickets (id, session_id) VALUES (162, 5);
INSERT INTO tickets (id, session_id) VALUES (163, 5);
INSERT INTO tickets (id, session_id) VALUES (164, 5);
INSERT INTO tickets (id, session_id) VALUES (165, 5);
INSERT INTO tickets (id, session_id) VALUES (166, 5);
INSERT INTO tickets (id, session_id) VALUES (167, 5);
INSERT INTO tickets (id, session_id) VALUES (168, 5);
INSERT INTO tickets (id, session_id) VALUES (169, 5);
INSERT INTO tickets (id, session_id) VALUES (170, 5);
INSERT INTO tickets (id, session_id) VALUES (171, 5);
INSERT INTO tickets (id, session_id) VALUES (172, 5);
INSERT INTO tickets (id, session_id) VALUES (173, 5);
INSERT INTO tickets (id, session_id) VALUES (174, 5);
INSERT INTO tickets (id, session_id) VALUES (175, 5);
INSERT INTO tickets (id, session_id) VALUES (176, 5);
INSERT INTO tickets (id, session_id) VALUES (177, 5);
INSERT INTO tickets (id, session_id) VALUES (178, 5);
INSERT INTO tickets (id, session_id) VALUES (179, 5);
INSERT INTO tickets (id, session_id) VALUES (180, 5);
INSERT INTO tickets (id, session_id) VALUES (181, 5);
INSERT INTO tickets (id, session_id) VALUES (182, 5);
INSERT INTO tickets (id, session_id) VALUES (183, 5);
INSERT INTO tickets (id, session_id) VALUES (184, 5);
INSERT INTO tickets (id, session_id) VALUES (185, 5);
INSERT INTO tickets (id, session_id) VALUES (186, 6);
INSERT INTO tickets (id, session_id) VALUES (187, 6);
INSERT INTO tickets (id, session_id) VALUES (188, 6);
INSERT INTO tickets (id, session_id) VALUES (189, 6);
INSERT INTO tickets (id, session_id) VALUES (190, 6);
INSERT INTO tickets (id, session_id) VALUES (191, 6);
INSERT INTO tickets (id, session_id) VALUES (192, 6);
INSERT INTO tickets (id, session_id) VALUES (193, 6);
INSERT INTO tickets (id, session_id) VALUES (194, 6);
INSERT INTO tickets (id, session_id) VALUES (195, 6);
INSERT INTO tickets (id, session_id) VALUES (196, 6);
INSERT INTO tickets (id, session_id) VALUES (197, 6);
INSERT INTO tickets (id, session_id) VALUES (198, 6);
INSERT INTO tickets (id, session_id) VALUES (199, 6);
INSERT INTO tickets (id, session_id) VALUES (200, 6);
INSERT INTO tickets (id, session_id) VALUES (201, 6);
INSERT INTO tickets (id, session_id) VALUES (202, 6);
INSERT INTO tickets (id, session_id) VALUES (203, 6);
INSERT INTO tickets (id, session_id) VALUES (204, 6);
INSERT INTO tickets (id, session_id) VALUES (205, 6);
INSERT INTO tickets (id, session_id) VALUES (206, 6);
INSERT INTO tickets (id, session_id) VALUES (207, 6);
INSERT INTO tickets (id, session_id) VALUES (208, 6);
INSERT INTO tickets (id, session_id) VALUES (209, 6);
INSERT INTO tickets (id, session_id) VALUES (210, 6);
INSERT INTO tickets (id, session_id) VALUES (211, 6);
INSERT INTO tickets (id, session_id) VALUES (212, 6);
INSERT INTO tickets (id, session_id) VALUES (213, 6);
INSERT INTO tickets (id, session_id) VALUES (214, 6);
INSERT INTO tickets (id, session_id) VALUES (215, 6);
INSERT INTO tickets (id, session_id) VALUES (216, 7);
INSERT INTO tickets (id, session_id) VALUES (217, 7);
INSERT INTO tickets (id, session_id) VALUES (218, 7);
INSERT INTO tickets (id, session_id) VALUES (219, 7);
INSERT INTO tickets (id, session_id) VALUES (220, 7);
INSERT INTO tickets (id, session_id) VALUES (221, 7);
INSERT INTO tickets (id, session_id) VALUES (222, 7);
INSERT INTO tickets (id, session_id) VALUES (223, 7);
INSERT INTO tickets (id, session_id) VALUES (224, 7);
INSERT INTO tickets (id, session_id) VALUES (225, 7);
INSERT INTO tickets (id, session_id) VALUES (226, 7);
INSERT INTO tickets (id, session_id) VALUES (227, 7);
INSERT INTO tickets (id, session_id) VALUES (228, 7);
INSERT INTO tickets (id, session_id) VALUES (229, 7);
INSERT INTO tickets (id, session_id) VALUES (230, 7);
INSERT INTO tickets (id, session_id) VALUES (231, 7);
INSERT INTO tickets (id, session_id) VALUES (232, 7);
INSERT INTO tickets (id, session_id) VALUES (233, 7);
INSERT INTO tickets (id, session_id) VALUES (234, 7);
INSERT INTO tickets (id, session_id) VALUES (235, 7);
INSERT INTO tickets (id, session_id) VALUES (236, 7);
INSERT INTO tickets (id, session_id) VALUES (237, 7);
INSERT INTO tickets (id, session_id) VALUES (238, 7);
INSERT INTO tickets (id, session_id) VALUES (239, 7);
INSERT INTO tickets (id, session_id) VALUES (240, 7);